Workbook

Sheet Plan de Pruebas
A1: Sección | B1: ID | C1: Caso | D1: Pre-condición | E1: Pasos | F1: Resultado esperado | G1: Prioridad | H1: Estado | I1: Ejecutado por | J1: Fecha | K1: Comentarios
A2: 1. Ingestión | B2: TC-01 | C2: Ingest XML válido (Tipo 33) | D2: XML bien formado con TipoDTE=33, OC válida, HES aprobada | E2: POST /odata/v4/.../IngestFromXml con {XmlData: '<XML>'} | F2: Registro creado en estado '01' Pendiente sin FE_RECEP. XmlData y campos principales cargados | G2: Alta | H2: Pendiente
A3: 1. Ingestión | B3: TC-02 | C3: Filtro tipo DTE no permitido | D3: XML con TipoDTE=110 | E3: IngestFromXml | F3: Registro descartado. Warning: 'Tipo de DTE 110 no permitido. Registro descartado.' | G3: Alta | H3: Pendiente
A4: 1. Ingestión | B4: TC-03 | C4: Ingest desde SII (registro nuevo) | D4: Llave (TipoDte, Folio, Proveedor) inexistente | E4: POST .../IngestFromSii con {TipoDte:'033', Folio:'1001', Proveedor, Sociedad, FechaRecepcionSii, ...} | F4: Nuevo registro en '01' con FE_RECEP. AutoProcess dispara → estado pasa según validaciones | G4: Alta | H4: Pendiente
A5: 1. Ingestión | B5: TC-04 | C5: Ingest SII sobre registro existente (vino primero por XML) | D5: Registro ya en tabla en estado '01' sin FE_RECEP | E5: IngestFromSii con misma llave + FE_RECEP | F5: Registro existente se actualiza SOLO con FE_RECEP. AutoProcess dispara | G5: Alta | H5: Pendiente
A6: 1. Ingestión | B6: TC-05 | C6: Tipos permitidos (33, 34, 46, 56, 61) | D6: XMLs separados por cada tipo | E6: IngestFromXml x 5 | F6: Los 5 registros se crean en '01' | G6: Media | H6: Pendiente
A7: 2. Validaciones | B7: TC-10 | C7: Sociedad no existe en SAP | D7: RUT receptor 99999999-9 no registrado | E7: Setear FechaRecepcionSii en registro '01' | F7: Estado '04'. Log: 'Sociedad del DTE no existe en SAP' | G7: Alta | H7: Pendiente
A8: 2. Validaciones | B8: TC-11 | C8: Proveedor no existe en SAP | D8: RUT proveedor no en I_Supplier.TaxNumber1 | E8: Igual TC-10 con sociedad válida | F8: Estado '04'. Log: 'Proveedor del DTE no existe en SAP' | G8: Alta | H8: Pendiente
A9: 2. Validaciones | B9: TC-12 | C9: XML sin OC/HES/EM, proveedor NO servicios generales | D9: Proveedor sin clasificación PROV_IMPUTACION | E9: Ingestar XML sin nodos referencia | F9: Estado '04'. Log: 'XML no tiene los documentos de referencia OC y HES/EM' | G9: Alta | H9: Pendiente
A10: 2. Validaciones | B10: TC-13 | C10: XML con OC pero sin HES/EM | D10: Proveedor de bienes (no servicios) | E10: Idem | F10: Estado '04'. Log: 'XML no tiene la referencia de la HES o EM' | G10: Alta | H10: Pendiente
A11: 2. Validaciones | B11: TC-14 | C11: XML con HES pero sin OC | D11: Proveedor con HES pero falta OC | E11: Idem | F11: Estado '04'. Log: 'XML no tiene la referencia de la OC' | G11: Alta | H11: Pendiente
A12: 2. Validaciones | B12: TC-15 | C12: Proveedor servicios generales sin OC/HES/EM | D12: I_ClfnObjectCharcValue match para PROV_IMPUTACION | E12: Idem | F12: Validación omitida. Pipeline continúa (puede llegar a '02') | G12: Alta | H12: Pendiente
A13: 2. Validaciones | B13: TC-16 | C13: OC no existe en SAP | D13: XML refiere OC 4500000000 inexistente | E13: Idem | F13: Estado '04'. Log: 'OC referencia no existe en SAP' | G13: Alta | H13: Pendiente
... A54: 8. Edge Cases | B54: TC-84 | C54: Concurrencia: dos usuarios Contabilizar mismo registro | D54: 2 sesiones, mismo registro en '02' | E54: Ambos clickean Contabilizar | F54: Solo uno tiene éxito (lock master por la entidad) | G54: Baja | H54: Pendiente

Sheet Resumen
A1: Sección | B1: Total Casos | C1: Críticos | D1: Altos | E1: Medios | F1: Bajos | G1: Ejecutados | H1: OK | I1: NOK | J1: Bloqueados
A2: 1. Ingestión | B2: =COUNTIF('Plan de Pruebas'!A2:A54, A2) | C2: =COUNTIFS('Plan de Pruebas'!A2:A54, A2, 'Plan de Pruebas'!G2:G54, "Crítica") | D2: =COUNTIFS('Plan de Pruebas'!A2:A54, A2, 'Plan de Pruebas'!G2:G54, "Alta") | E2: =COUNTIFS('Plan de Pruebas'!A2:A54, A2, 'Plan de Pruebas'!G2:G54, "Media") | F2: =COUNTIFS('Plan de Pruebas'!A2:A54, A2, 'Plan de Pruebas'!G2:G54, "Baja") | G2: =COUNTIFS('Plan de Pruebas'!A2:A54, A2, 'Plan de Pruebas'!H2:H54, "<>Pendiente") | H2: =COUNTIFS('Plan de Pruebas'!A2:A54, A2, 'Plan de Pruebas'!H2:H54, "OK") | I2: =COUNTIFS('Plan de Pruebas'!A2:A54, A2, 'Plan de Pruebas'!H2:H54, "NOK") | J2: =COUNTIFS('Plan de Pruebas'!A2:A54, A2, 'Plan de Pruebas'!H2:H54, "Bloqueado")
A3: 2. Validaciones | B3: =COUNTIF('Plan de Pruebas'!A2:A54, A3) | C3: =COUNTIFS('Plan de Pruebas'!A2:A54, A3, 'Plan de Pruebas'!G2:G54, "Crítica") | D3: =COUNTIFS('Plan de Pruebas'!A2:A54, A3, 'Plan de Pruebas'!G2:G54, "Alta") | E3: =COUNTIFS('Plan de Pruebas'!A2:A54, A3, 'Plan de Pruebas'!G2:G54, "Media") | F3: =COUNTIFS('Plan de Pruebas'!A2:A54, A3, 'Plan de Pruebas'!G2:G54, "Baja") | G3: =COUNTIFS('Plan de Pruebas'!A2:A54, A3, 'Plan de Pruebas'!H2:H54, "<>Pendiente") | H3: =COUNTIFS('Plan de Pruebas'!A2:A54, A3, 'Plan de Pruebas'!H2:H54, "OK") | I3: =COUNTIFS('Plan de Pruebas'!A2:A54, A3, 'Plan de Pruebas'!H2:H54, "NOK") | J3: =COUNTIFS('Plan de Pruebas'!A2:A54, A3, 'Plan de Pruebas'!H2:H54, "Bloqueado")
A4: 3. Anulación HES | B4: =COUNTIF('Plan de Pruebas'!A2:A54, A4) | C4: =COUNTIFS('Plan de Pruebas'!A2:A54, A4, 'Plan de Pruebas'!G2:G54, "Crítica") | D4: =COUNTIFS('Plan de Pruebas'!A2:A54, A4, 'Plan de Pruebas'!G2:G54, "Alta") | E4: =COUNTIFS('Plan de Pruebas'!A2:A54, A4, 'Plan de Pruebas'!G2:G54, "Media") | F4: =COUNTIFS('Plan de Pruebas'!A2:A54, A4, 'Plan de Pruebas'!G2:G54, "Baja") | G4: =COUNTIFS('Plan de Pruebas'!A2:A54, A4, 'Plan de Pruebas'!H2:H54, "<>Pendiente") | H4: =COUNTIFS('Plan de Pruebas'!A2:A54, A4, 'Plan de Pruebas'!H2:H54, "OK") | I4: =COUNTIFS('Plan de Pruebas'!A2:A54, A4, 'Plan de Pruebas'!H2:H54, "NOK") | J4: =COUNTIFS('Plan de Pruebas'!A2:A54, A4, 'Plan de Pruebas'!H2:H54, "Bloqueado")
A5: 4. Validar → Contabilizar | B5: =COUNTIF('Plan de Pruebas'!A2:A54, A5) | C5: =COUNTIFS('Plan de Pruebas'!A2:A54, A5, 'Plan de Pruebas'!G2:G54, "Crítica") | D5: =COUNTIFS('Plan de Pruebas'!A2:A54, A5, 'Plan de Pruebas'!G2:G54, "Alta") | E5: =COUNTIFS('Plan de Pruebas'!A2:A54, A5, 'Plan de Pruebas'!G2:G54, "Media") | F5: =COUNTIFS('Plan de Pruebas'!A2:A54, A5, 'Plan de Pruebas'!G2:G54, "Baja") | G5: =COUNTIFS('Plan de Pruebas'!A2:A54, A5, 'Plan de Pruebas'!H2:H54, "<>Pendiente") | H5: =COUNTIFS('Plan de Pruebas'!A2:A54, A5, 'Plan de Pruebas'!H2:H54, "OK") | I5: =COUNTIFS('Plan de Pruebas'!A2:A54, A5, 'Plan de Pruebas'!H2:H54, "NOK") | J5: =COUNTIFS('Plan de Pruebas'!A2:A54, A5, 'Plan de Pruebas'!H2:H54, "Bloqueado")
A6: 5. NC Pop-up | B6: =COUNTIF('Plan de Pruebas'!A2:A54, A6) | C6: =COUNTIFS('Plan de Pruebas'!A2:A54, A6, 'Plan de Pruebas'!G2:G54, "Crítica") | D6: =COUNTIFS('Plan de Pruebas'!A2:A54, A6, 'Plan de Pruebas'!G2:G54, "Alta") | E6: =COUNTIFS('Plan de Pruebas'!A2:A54, A6, 'Plan de Pruebas'!G2:G54, "Media") | F6: =COUNTIFS('Plan de Pruebas'!A2:A54, A6, 'Plan de Pruebas'!G2:G54, "Baja") | G6: =COUNTIFS('Plan de Pruebas'!A2:A54, A6, 'Plan de Pruebas'!H2:H54, "<>Pendiente") | H6: =COUNTIFS('Plan de Pruebas'!A2:A54, A6, 'Plan de Pruebas'!H2:H54, "OK") | I6: =COUNTIFS('Plan de Pruebas'!A2:A54, A6, 'Plan de Pruebas'!H2:H54, "NOK") | J6: =COUNTIFS('Plan de Pruebas'!A2:A54, A6, 'Plan de Pruebas'!H2:H54, "Bloqueado")
A7: 6. Refrescar + Grace | B7: =COUNTIF('Plan de Pruebas'!A2:A54, A7) | C7: =COUNTIFS('Plan de Pruebas'!A2:A54, A7, 'Plan de Pruebas'!G2:G54, "Crítica") | D7: =COUNTIFS('Plan de Pruebas'!A2:A54, A7, 'Plan de Pruebas'!G2:G54, "Alta") | E7: =COUNTIFS('Plan de Pruebas'!A2:A54, A7, 'Plan de Pruebas'!G2:G54, "Media") | F7: =COUNTIFS('Plan de Pruebas'!A2:A54, A7, 'Plan de Pruebas'!G2:G54, "Baja") | G7: =COUNTIFS('Plan de Pruebas'!A2:A54, A7, 'Plan de Pruebas'!H2:H54, "<>Pendiente") | H7: =COUNTIFS('Plan de Pruebas'!A2:A54, A7, 'Plan de Pruebas'!H2:H54, "OK") | I7: =COUNTIFS('Plan de Pruebas'!A2:A54, A7, 'Plan de Pruebas'!H2:H54, "NOK") | J7: =COUNTIFS('Plan de Pruebas'!A2:A54, A7, 'Plan de Pruebas'!H2:H54, "Bloqueado")
A8: 7. Frontend / UX | B8: =COUNTIF('Plan de Pruebas'!A2:A54, A8) | C8: =COUNTIFS('Plan de Pruebas'!A2:A54, A8, 'Plan de Pruebas'!G2:G54, "Crítica") | D8: =COUNTIFS('Plan de Pruebas'!A2:A54, A8, 'Plan de Pruebas'!G2:G54, "Alta") | E8: =COUNTIFS('Plan de Pruebas'!A2:A54, A8, 'Plan de Pruebas'!G2:G54, "Media") | F8: =COUNTIFS('Plan de Pruebas'!A2:A54, A8, 'Plan de Pruebas'!G2:G54, "Baja") | G8: =COUNTIFS('Plan de Pruebas'!A2:A54, A8, 'Plan de Pruebas'!H2:H54, "<>Pendiente") | H8: =COUNTIFS('Plan de Pruebas'!A2:A54, A8, 'Plan de Pruebas'!H2:H54, "OK") | I8: =COUNTIFS('Plan de Pruebas'!A2:A54, A8, 'Plan de Pruebas'!H2:H54, "NOK") | J8: =COUNTIFS('Plan de Pruebas'!A2:A54, A8, 'Plan de Pruebas'!H2:H54, "Bloqueado")
A9: 8. Edge Cases | B9: =COUNTIF('Plan de Pruebas'!A2:A54, A9) | C9: =COUNTIFS('Plan de Pruebas'!A2:A54, A9, 'Plan de Pruebas'!G2:G54, "Crítica") | D9: =COUNTIFS('Plan de Pruebas'!A2:A54, A9, 'Plan de Pruebas'!G2:G54, "Alta") | E9: =COUNTIFS('Plan de Pruebas'!A2:A54, A9, 'Plan de Pruebas'!G2:G54, "Media") | F9: =COUNTIFS('Plan de Pruebas'!A2:A54, A9, 'Plan de Pruebas'!G2:G54, "Baja") | G9: =COUNTIFS('Plan de Pruebas'!A2:A54, A9, 'Plan de Pruebas'!H2:H54, "<>Pendiente") | H9: =COUNTIFS('Plan de Pruebas'!A2:A54, A9, 'Plan de Pruebas'!H2:H54, "OK") | I9: =COUNTIFS('Plan de Pruebas'!A2:A54, A9, 'Plan de Pruebas'!H2:H54, "NOK") | J9: =COUNTIFS('Plan de Pruebas'!A2:A54, A9, 'Plan de Pruebas'!H2:H54, "Bloqueado")
A10: TOTAL | B10: =SUM(B2:B9) | C10: =SUM(C2:C9) | D10: =SUM(D2:D9) | E10: =SUM(E2:E9) | F10: =SUM(F2:F9) | G10: =SUM(G2:G9) | H10: =SUM(H2:H9) | I10: =SUM(I2:I9) | J10: =SUM(J2:J9)
A12: Leyenda Estado:
A13: Pendiente - aún no ejecutado
A14: OK - ejecutado y exitoso
A15: NOK - falló (registrar bug)
A16: Bloqueado - no se puede ejecutar

Sheet Datos de Prueba
A1: Concepto | B1: Detalle
A2: Sociedad receptora | B2: Registrar en I_AddlCompanyCodeInformation con CompanyCodeParameterType='TAXNR' + RUT chileno (ej: 76188363-1)
A3: Proveedor estándar | B3: Maestro con TaxNumber1='76543210-9'
A4: Proveedor servicios generales | B4: Clasificación con Characteristic='PROV_IMPUTACION' (TC-15)
A5: OC aprobada | B5: PurchasingProcessingStatus='05', sociedad y proveedor correctos
A6: HES aprobada | B6: ApprovalStatus='30', ligada a la OC
A7: EM válida | B7: Ligada a OC vía I_PurchaseOrderHistoryAPI01
A8: Factura previa para NC | B8: Contabilizar factura tipo 33 antes de ingestar NC tipo 61
A9: Factura con reverso (TC-32) | B9: Crear factura S=Debe + nota anulación H referenciando factura original

Sheet Orden Ejecución
A1: Fase | B1: Duración estimada | C1: Casos | D1: Objetivo
A2: 1. Smoke test | B2: 15 min | C2: TC-01, TC-25, TC-42 | D2: Verificar camino feliz end-to-end
A3: 2. Validaciones core | B3: 1h | C3: TC-10 a TC-22 | D3: Cubrir las 8 reglas del spec
A4: 3. NC/ND | B4: 45 min | C4: TC-23, TC-24, TC-50 a TC-55 | D4: Flujo de notas crédito/débito
A5: 4. Refrescar | B5: 30 min | C5: TC-60 a TC-64 | D5: Sincronización + grace period
A6: 5. Frontend | B6: 30 min | C6: TC-70 a TC-76 | D6: UX visual
A7: 6. Edge cases | B7: 30 min | C7: TC-80 a TC-84 | D7: Casos límite y negativos
